<?xml version="1.0" encoding="utf-8"?>
<!--/239728/425132/2.49/8/4/Connector/-->
<quadcept_library>
  <setting unit="mil" />
  <textstyle name="Default" height="47.244094488189" strokewidth="7.8740157480315" charwidth="47.244094488189" />
  <textstyle name="Dimension" height="19.6850393700787" strokewidth="0" charwidth="19.6850393700787" />
  <textstyle name="H127W0635TH00762" height="50" strokewidth="3" charwidth="25" />
  <textstyle name="H15W15TH02" height="59.0551181102362" strokewidth="7.8740157480315" charwidth="59.0551181102362" />
  <padstyle name="r124_80" surface="True" plated="False" isvia="False" nopaste="False" nomask="True" complex="False" holesize="0">
    <padshape layer="TOP" shape="rectangle" width="31.496062992126" height="48.818897637795" />
    <padshape layer="TOP_SOLDER_MASK" shape="rectangle" width="39.370078740157" height="56.692913385826" />
    <padshape layer="TOP_SOLDER_PASTE" shape="rectangle" width="31.496062992126" height="48.818897637795" />
  </padstyle>
  <padstyle name="r250_95" surface="True" plated="False" isvia="False" nopaste="False" nomask="True" complex="False" holesize="0">
    <padshape layer="TOP" shape="rectangle" width="37.401574803149" height="98.425196850392" />
    <padshape layer="TOP_SOLDER_MASK" shape="rectangle" width="45.275590551181" height="106.29921259842" />
    <padshape layer="TOP_SOLDER_PASTE" shape="rectangle" width="37.401574803149" height="98.425196850392" />
  </padstyle>
  <padstyle name="r220_115" surface="True" plated="False" isvia="False" nopaste="False" nomask="True" complex="False" holesize="0">
    <padshape layer="TOP" shape="rectangle" width="45.275590551181" height="86.614173228345" />
    <padshape layer="TOP_SOLDER_MASK" shape="rectangle" width="53.149606299212" height="94.488188976377" />
    <padshape layer="TOP_SOLDER_PASTE" shape="rectangle" width="45.275590551181" height="86.614173228345" />
  </padstyle>
  <padstyle name="r125_116" surface="True" plated="False" isvia="False" nopaste="False" nomask="True" complex="False" holesize="0">
    <padshape layer="TOP" shape="rectangle" width="45.669291338582" height="49.212598425196" />
    <padshape layer="TOP_SOLDER_MASK" shape="rectangle" width="53.543307086614" height="57.086614173228" />
    <padshape layer="TOP_SOLDER_PASTE" shape="rectangle" width="45.669291338582" height="49.212598425196" />
  </padstyle>
  <padstyle name="r120_116" surface="True" plated="False" isvia="False" nopaste="False" nomask="True" complex="False" holesize="0">
    <padshape layer="TOP" shape="rectangle" width="45.669291338582" height="47.244094488188" />
    <padshape layer="TOP_SOLDER_MASK" shape="rectangle" width="53.543307086614" height="55.11811023622" />
    <padshape layer="TOP_SOLDER_PASTE" shape="rectangle" width="45.669291338582" height="47.244094488188" />
  </padstyle>
  <padstyle name="r150_115" surface="True" plated="False" isvia="False" nopaste="False" nomask="True" complex="False" holesize="0">
    <padshape layer="TOP" shape="rectangle" width="45.275590551181" height="59.055118110235" />
    <padshape layer="TOP_SOLDER_MASK" shape="rectangle" width="53.149606299212" height="66.929133858267" />
    <padshape layer="TOP_SOLDER_PASTE" shape="rectangle" width="45.275590551181" height="59.055118110235" />
  </padstyle>
  <footprint name="5031821852" originx="0" originy="0" pickpointx="0" pickpointy="0">
    <pcbpin number="1" name="1" style="r124_80" originx="-112.20472440945" originy="24.803149606299" rotation="0" />
    <pcbpin number="2" name="2" style="r124_80" originx="-68.897637795275" originy="24.803149606299" rotation="0" />
    <pcbpin number="3" name="3" style="r124_80" originx="-25.590551181102" originy="24.803149606299" rotation="0" />
    <pcbpin number="4" name="4" style="r124_80" originx="17.716535433071" originy="24.803149606299" rotation="0" />
    <pcbpin number="5" name="5" style="r124_80" originx="61.023622047243" originy="24.803149606299" rotation="0" />
    <pcbpin number="6" name="6" style="r124_80" originx="104.33070866142" originy="24.803149606299" rotation="0" />
    <pcbpin number="7" name="7" style="r124_80" originx="147.63779527559" originy="24.803149606299" rotation="0" />
    <pcbpin number="8" name="8" style="r124_80" originx="190.94488188976" originy="24.803149606299" rotation="0" />
    <pcbpin number="9" name="9" style="r250_95" originx="-283.26771653543" originy="0" rotation="0" />
    <pcbpin number="10" name="10" style="r220_115" originx="283.26771653543" originy="5.9055118110235" rotation="0" />
    <pcbpin number="11" name="11" style="r125_116" originx="267.51968503937" originy="-78.740157480314" rotation="0" />
    <pcbpin number="12" name="12" style="r120_116" originx="265.35433070866" originy="-433.07086614173" rotation="0" />
    <pcbpin number="13" name="13" style="r150_115" originx="192.51968503937" originy="-477.3622047244" rotation="90" />
    <pcbpin number="14" name="14" style="r150_115" originx="-113.77952755905" originy="-477.3622047244" rotation="90" />
    <pcbpin number="15" name="15" style="r220_115" originx="-283.26771653543" originy="-446.06299212598" rotation="0" />
    <line layer="TOP_ASSEMBLY" originx="-278.34645669291" originy="98.425196850392" endx="278.34645669291" endy="98.425196850392" width="9.9999999999999" />
    <line layer="TOP_ASSEMBLY" originx="278.34645669291" originy="98.425196850392" endx="278.34645669291" endy="-490.15748031495" width="9.9999999999999" />
    <line layer="TOP_ASSEMBLY" originx="278.34645669291" originy="-490.15748031495" endx="-278.34645669291" endy="-490.15748031495" width="9.9999999999999" />
    <line layer="TOP_ASSEMBLY" originx="-278.34645669291" originy="-490.15748031495" endx="-278.34645669291" endy="98.425196850392" width="9.9999999999999" />
    <arc layer="TOP_SILKSCREEN" originx="-133.38582677165" originy="138.46456692913" startangle="180" sweepangle="180" radius="5.5153543307086" width="9.9999999999999" />
    <arc layer="TOP_SILKSCREEN" originx="-133.38582677165" originy="138.46456692913" startangle="180" sweepangle="-180" radius="5.5153543307086" width="9.9999999999999" />
    <line layer="TOP_SILKSCREEN" originx="-278.34645669291" originy="98.425196850392" endx="278.34645669291" endy="98.425196850392" width="9.9999999999999" />
    <line layer="TOP_SILKSCREEN" originx="-278.34645669291" originy="-63.700787401574" endx="-278.34645669291" endy="-383.18897637795" width="9.9999999999999" />
    <line layer="TOP_SILKSCREEN" originx="278.34645669291" originy="-116.22047244094" endx="278.34645669291" endy="-389.33070866141" width="9.9999999999999" />
    <line layer="TOP_SILKSCREEN" originx="-65.11811023622" originy="-490.15748031495" endx="145.82677165354" endy="-490.15748031495" width="9.9999999999999" />
    <line layer="TOP_SILKSCREEN" originx="-248.03149606299" originy="-490.15748031495" endx="-159.64566929134" endy="-490.15748031495" width="9.9999999999999" />
  </footprint>
  <symbol name="503182-1852" originx="0" originy="0">
    <line originx="200" originy="100" endx="1100" endy="100" width="0" />
    <line originx="1100" originy="-400" endx="1100" endy="100" width="0" />
    <line originx="1100" originy="-400" endx="200" endy="-400" width="0" />
    <line originx="200" originy="100" endx="200" endy="-400" width="0" />
    <sympin number="1" originx="200" originy="0" rotation="180" length="100" width="7.8740157480315" flipped="False">
      <text name="pinname" originx="230" originy="0" style="Default" rotation="0" justify="left" flipped="False" hidden="False" data="DATA2" />
      <text name="pindes" originx="140" originy="20" style="Default" rotation="0" justify="lowerright" flipped="False" hidden="False" data="1" />
    </sympin>
    <sympin number="2" originx="200" originy="-100" rotation="180" length="100" width="7.8740157480315" flipped="False">
      <text name="pinname" originx="230" originy="-100" style="Default" rotation="0" justify="left" flipped="False" hidden="False" data="CD/DAT3" />
      <text name="pindes" originx="140" originy="-80" style="Default" rotation="0" justify="lowerright" flipped="False" hidden="False" data="2" />
    </sympin>
    <sympin number="3" originx="200" originy="-200" rotation="180" length="100" width="7.8740157480315" flipped="False">
      <text name="pinname" originx="230" originy="-200" style="Default" rotation="0" justify="left" flipped="False" hidden="False" data="CMD" />
      <text name="pindes" originx="140" originy="-180" style="Default" rotation="0" justify="lowerright" flipped="False" hidden="False" data="3" />
    </sympin>
    <sympin number="4" originx="200" originy="-300" rotation="180" length="100" width="7.8740157480315" flipped="False">
      <text name="pinname" originx="230" originy="-300" style="Default" rotation="0" justify="left" flipped="False" hidden="False" data="VDD" />
      <text name="pindes" originx="140" originy="-280" style="Default" rotation="0" justify="lowerright" flipped="False" hidden="False" data="4" />
    </sympin>
    <sympin number="5" originx="1100" originy="0" rotation="0" length="100" width="7.8740157480315" flipped="False">
      <text name="pinname" originx="1070" originy="0" style="Default" rotation="0" justify="right" flipped="False" hidden="False" data="CLK" />
      <text name="pindes" originx="1160" originy="20" style="Default" rotation="0" justify="lowerleft" flipped="False" hidden="False" data="5" />
    </sympin>
    <sympin number="6" originx="1100" originy="-100" rotation="0" length="100" width="7.8740157480315" flipped="False">
      <text name="pinname" originx="1070" originy="-100" style="Default" rotation="0" justify="right" flipped="False" hidden="False" data="VSS" />
      <text name="pindes" originx="1160" originy="-80" style="Default" rotation="0" justify="lowerleft" flipped="False" hidden="False" data="6" />
    </sympin>
    <sympin number="7" originx="1100" originy="-200" rotation="0" length="100" width="7.8740157480315" flipped="False">
      <text name="pinname" originx="1070" originy="-200" style="Default" rotation="0" justify="right" flipped="False" hidden="False" data="DAT0" />
      <text name="pindes" originx="1160" originy="-180" style="Default" rotation="0" justify="lowerleft" flipped="False" hidden="False" data="7" />
    </sympin>
    <sympin number="8" originx="1100" originy="-300" rotation="0" length="100" width="7.8740157480315" flipped="False">
      <text name="pinname" originx="1070" originy="-300" style="Default" rotation="0" justify="right" flipped="False" hidden="False" data="DAT1" />
      <text name="pindes" originx="1160" originy="-280" style="Default" rotation="0" justify="lowerleft" flipped="False" hidden="False" data="8" />
    </sympin>
  </symbol>
  <component name="503182-1852" designatorprefix="J" height="0" footprint="5031821852">
    <comppin designator="1" sympin="1" pinswap="0" gateswap="0" gate="1" group="1" side="" type="Any" name="DATA2" />
    <comppin designator="2" sympin="2" pinswap="0" gateswap="0" gate="1" group="1" side="" type="Any" name="CD/DAT3" />
    <comppin designator="3" sympin="3" pinswap="0" gateswap="0" gate="1" group="1" side="" type="Any" name="CMD" />
    <comppin designator="4" sympin="4" pinswap="0" gateswap="0" gate="1" group="1" side="" type="Any" name="VDD" />
    <comppin designator="5" sympin="5" pinswap="0" gateswap="0" gate="1" group="1" side="" type="Any" name="CLK" />
    <comppin designator="6" sympin="6" pinswap="0" gateswap="0" gate="1" group="1" side="" type="Any" name="VSS" />
    <comppin designator="7" sympin="7" pinswap="0" gateswap="0" gate="1" group="1" side="" type="Any" name="DAT0" />
    <comppin designator="8" sympin="8" pinswap="0" gateswap="0" gate="1" group="1" side="" type="Any" name="DAT1" />
    <attached_symbol gate="1" name="503182-1852" />
    <pinmap designator="1" footprintpin="1" />
    <pinmap designator="2" footprintpin="2" />
    <pinmap designator="3" footprintpin="3" />
    <pinmap designator="4" footprintpin="4" />
    <pinmap designator="5" footprintpin="5" />
    <pinmap designator="6" footprintpin="6" />
    <pinmap designator="7" footprintpin="7" />
    <pinmap designator="8" footprintpin="8" />
    <text name="Datasheet" originx="0" originy="0" style="Default" rotation="0" justify="" flipped="False" hidden="True" data="https://www.molex.com/pdm_docs/sd/5031821852_sd.pdf" />
    <text name="Description" originx="0" originy="0" style="Default" rotation="0" justify="" flipped="False" hidden="True" data="Micro SD Normal UltraLowPro8CktEmbsTpPkg" />
    <text name="Mouser Part Number" originx="0" originy="0" style="Default" rotation="0" justify="" flipped="False" hidden="True" data="538-503182-1852" />
    <text name="Mouser Price/Stock" originx="0" originy="0" style="Default" rotation="0" justify="" flipped="False" hidden="True" data="https://www.mouser.co.uk/ProductDetail/Molex/503182-1852?qs=s7UCm7gO1bZmpyAhCKZ26g%3D%3D" />
    <text name="Manufacturer_Name" originx="0" originy="0" style="Default" rotation="0" justify="" flipped="False" hidden="True" data="Molex" />
    <text name="Manufacturer_Part_Number" originx="1150" originy="200" style="Default" rotation="0" justify="left" flipped="False" hidden="False" data="503182-1852" />
  </component>
</quadcept_library>
